[{"model": "musica.artista", "pk": 1, "fields": {"nombre": "Taylor Swift", "nacionalidad": "Estadounidense", "tipo": "Solista", "fecha_debut": "2006-10-23", "descripcion": "Conocida por sus composiciones autobiograficas, su versatilidad artistica y su impacto cultural, Swift es una de las artistas con mayores ventas del mundo."}}, {"model": "musica.artista", "pk": 2, "fields": {"nombre": "MEOVV", "nacionalidad": "Corea del Sur", "tipo": "Grupo", "fecha_debut": "2025-09-06", "descripcion": "Grupo femenino de K-pop de cinco integrantes bajo The Black Label. Debutaron con el sencillo digital Meow. Las miembros son Sooin, Gawon, Anna, Narin y Ella."}}, {"model": "musica.artista", "pk": 3, "fields": {"nombre": "Ed Sheeran", "nacionalidad": "Estadounidense", "tipo": "Solista", "fecha_debut": "2011-09-12", "descripcion": "Cantautor y musico britanico conocido por su estilo musical que mezcla elementos de folk, pop, rock y hip-hop."}}, {"model": "musica.artista", "pk": 4, "fields": {"nombre": "Adele", "nacionalidad": "Britanica", "tipo": "Solista", "fecha_debut": "2011-06-07", "descripcion": "Es una de las artistas musicales con mayores ventas del mundo, con mas de 120 millones de ventas entre discos y sencillos"}}, {"model": "musica.artista", "pk": 5, "fields": {"nombre": "Beyonce", "nacionalidad": "Estados Unidos", "tipo": "Solista", "fecha_debut": "2003-06-24", "descripcion": "Cantante, compositora y actriz ganadora de multiples premios Grammy."}}, {"model": "musica.artista", "pk": 6, "fields": {"nombre": "Dua Lipa", "nacionalidad": "Reino Unido", "tipo": "Solista", "fecha_debut": "2015-08-21", "descripcion": "Cantante pop con estilo moderno y numerosos exitos."}}, {"model": "musica.artista", "pk": 7, "fields": {"nombre": "Arctic Monkeys", "nacionalidad": "Reino Unido", "tipo": "Grupo", "fecha_debut": "2006-01-23", "descripcion": "Banda indie rock britanica con gran influencia en la musica alternativa."}}, {"model": "musica.artista", "pk": 8, "fields": {"nombre": "BLACKPINK", "nacionalidad": "Corea del Sur", "tipo": "Grupo", "fecha_debut": "2016-08-08", "descripcion": "Grupo femenino de K-Pop que ha roto records globales."}}, {"model": "musica.artista", "pk": 9, "fields": {"nombre": "Imagine Dragons", "nacionalidad": "Estados Unidos", "tipo": "Grupo", "fecha_debut": "2012-09-04", "descripcion": "Banda de pop-rock y alternativo reconocida por sus temas energeticos."}}, {"model": "musica.artista", "pk": 10, "fields": {"nombre": "BTS", "nacionalidad": "Corea del Sur", "tipo": "Grupo", "fecha_debut": "2013-06-13", "descripcion": "Grupo de K-Pop globalmente exitoso con millones de seguidores."}}, {"model": "musica.artista", "pk": 11, "fields": {"nombre": "Coldplay", "nacionalidad": "Reino Unido", "tipo": "Grupo", "fecha_debut": "2000-07-10", "descripcion": "Banda britanica de rock alternativo famosa por sus himnos emocionales."}}, {"model": "musica.artista", "pk": 12, "fields": {"nombre": "Billie Eilish", "nacionalidad": "Estados Unidos", "tipo": "Solista", "fecha_debut": "2016-10-18", "descripcion": "Cantante de pop alternativo que gano popularidad con su estilo oscuro e innovador."}}, {"model": "musica.artista", "pk": 13, "fields": {"nombre": "Maroon 5", "nacionalidad": "Estados Unidos", "tipo": "Grupo", "fecha_debut": "2002-06-25", "descripcion": "Banda pop rock estadounidense conocida por numerosos hits comerciales."}}, {"model": "musica.artista", "pk": 14, "fields": {"nombre": "TWICE", "nacionalidad": "Corea del Sur", "tipo": "Grupo", "fecha_debut": "2015-10-20", "descripcion": "Grupo femenino de K-Pop con gran popularidad en Asia y Occidente."}}, {"model": "musica.album", "pk": 1, "fields": {"titulo": "Fearless", "artista": 1, "fecha_lanzamiento": "2008-09-11", "descripcion": "Fearless es el segundo album de estudio de la cantante, fue lanzado el 11 de noviembre de 2008 por el sello discografico Big Machine Records.", "disponible": true, "created_at": "2025-07-08T17:35:48.625Z", "updated_at": "2025-07-08T17:35:48.625Z"}}, {"model": "musica.album", "pk": 2, "fields": {"titulo": "My Eyes Open VVide", "artista": 2, "fecha_lanzamiento": "2025-05-12", "descripcion": "My Eyes Open VVide es el primer EP de MEOVV . Se lanzo el 12 de mayo de 2025, con Hands Up y Drop Top como las canciones que dan titulo al album.", "disponible": true, "created_at": "2025-07-08T21:40:45.049Z", "updated_at": "2025-07-08T21:40:45.049Z"}}, {"model": "musica.album", "pk": 3, "fields": {"titulo": "1989", "artista": 1, "fecha_lanzamiento": "2014-10-27", "descripcion": "Album pop iconico de Taylor Swift que marca su transicion del country al pop.", "disponible": true, "created_at": "2025-07-12T01:14:40Z", "updated_at": "2025-07-12T01:14:40Z"}}, {"model": "musica.album", "pk": 4, "fields": {"titulo": "Reputation", "artista": 1, "fecha_lanzamiento": "2017-11-10", "descripcion": "Un album con un tono mas oscuro, lleno de critica mediatica y redencion.", "disponible": true, "created_at": "2025-07-12T01:14:40Z", "updated_at": "2025-07-12T01:14:40Z"}}, {"model": "musica.album", "pk": 5, "fields": {"titulo": "Divide", "artista": 3, "fecha_lanzamiento": "2017-03-03", "descripcion": "Tercer album de estudio de Ed Sheeran con exitos como Shape of You.", "disponible": true, "created_at": "2025-07-12T01:14:40Z", "updated_at": "2025-07-12T01:14:40Z"}}, {"model": "musica.album", "pk": 6, "fields": {"titulo": "Equals", "artista": 3, "fecha_lanzamiento": "2021-10-29", "descripcion": "Album introspectivo y personal con temas de amor y perdida.", "disponible": true, "created_at": "2025-07-12T01:14:40Z", "updated_at": "2025-07-12T01:14:40Z"}}, {"model": "musica.album", "pk": 7, "fields": {"titulo": "21", "artista": 4, "fecha_lanzamiento": "2011-01-24", "descripcion": "Album de baladas emocionales que consolido a Adele como una superestrella.", "disponible": true, "created_at": "2025-07-12T01:14:40Z", "updated_at": "2025-07-12T01:14:40Z"}}, {"model": "musica.album", "pk": 8, "fields": {"titulo": "30", "artista": 4, "fecha_lanzamiento": "2021-11-19", "descripcion": "Reflexion adulta sobre el divorcio, la maternidad y la autorreflexion.", "disponible": true, "created_at": "2025-07-12T01:14:40Z", "updated_at": "2025-07-12T01:14:40Z"}}, {"model": "musica.album", "pk": 9, "fields": {"titulo": "Dangerously in Love", "artista": 5, "fecha_lanzamiento": "2003-06-24", "descripcion": "Debut de Beyonce como solista con exitos como Crazy in Love.", "disponible": true, "created_at": "2025-07-12T01:14:40Z", "updated_at": "2025-07-12T01:14:40Z"}}, {"model": "musica.album", "pk": 10, "fields": {"titulo": "Lemonade", "artista": 5, "fecha_lanzamiento": "2016-04-23", "descripcion": "Album visual que explora temas de identidad, traicion y empoderamiento.", "disponible": true, "created_at": "2025-07-12T01:14:40Z", "updated_at": "2025-07-12T01:14:40Z"}}, {"model": "musica.album", "pk": 11, "fields": {"titulo": "Future Nostalgia", "artista": 6, "fecha_lanzamiento": "2020-03-27", "descripcion": "Album disco-pop de Dua Lipa con influencias retro y sonido moderno.", "disponible": true, "created_at": "2025-07-12T01:14:40Z", "updated_at": "2025-07-12T01:14:40Z"}}, {"model": "musica.album", "pk": 12, "fields": {"titulo": "AM", "artista": 7, "fecha_lanzamiento": "2013-09-09", "descripcion": "Uno de los albumes mas exitosos de Arctic Monkeys con sonidos oscuros y minimalistas.", "disponible": true, "created_at": "2025-07-12T01:14:40Z", "updated_at": "2025-07-12T01:14:40Z"}}, {"model": "musica.album", "pk": 13, "fields": {"titulo": "Tranquility Base Hotel & Casino", "artista": 7, "fecha_lanzamiento": "2018-05-11", "descripcion": "Conceptual, atmosferico y experimental.", "disponible": true, "created_at": "2025-07-12T01:14:40Z", "updated_at": "2025-07-12T01:14:40Z"}}, {"model": "musica.album", "pk": 14, "fields": {"titulo": "THE ALBUM", "artista": 8, "fecha_lanzamiento": "2020-10-02", "descripcion": "Album debut de BLACKPINK con un sonido electropop moderno.", "disponible": true, "created_at": "2025-07-12T01:14:40Z", "updated_at": "2025-07-12T01:14:40Z"}}, {"model": "musica.album", "pk": 15, "fields": {"titulo": "Night Visions", "artista": 9, "fecha_lanzamiento": "2012-09-04", "descripcion": "Incluye el exito Radioactive, mezcla de pop-rock y alternativo.", "disponible": true, "created_at": "2025-07-12T01:14:40Z", "updated_at": "2025-07-12T01:14:40Z"}}, {"model": "musica.album", "pk": 16, "fields": {"titulo": "Evolve", "artista": 9, "fecha_lanzamiento": "2017-06-23", "descripcion": "Album con toques electronicos y grandes hits como Believer.", "disponible": true, "created_at": "2025-07-12T01:14:40Z", "updated_at": "2025-07-12T01:14:40Z"}}, {"model": "musica.album", "pk": 17, "fields": {"titulo": "MAP OF THE SOUL: 7", "artista": 10, "fecha_lanzamiento": "2020-02-21", "descripcion": "Reflexion de BTS sobre su trayectoria como grupo.", "disponible": true, "created_at": "2025-07-12T01:14:40Z", "updated_at": "2025-07-12T01:14:40Z"}}, {"model": "musica.album", "pk": 18, "fields": {"titulo": "BE", "artista": 10, "fecha_lanzamiento": "2020-11-20", "descripcion": "Album intimo creado durante la pandemia, con fuerte mensaje emocional.", "disponible": true, "created_at": "2025-07-12T01:14:40Z", "updated_at": "2025-07-12T01:14:40Z"}}, {"model": "musica.album", "pk": 19, "fields": {"titulo": "Parachutes", "artista": 11, "fecha_lanzamiento": "2000-07-10", "descripcion": "Debut de Coldplay con su estilo melodico y emocional.", "disponible": true, "created_at": "2025-07-12T01:14:40Z", "updated_at": "2025-07-12T01:14:40Z"}}, {"model": "musica.album", "pk": 20, "fields": {"titulo": "A Head Full of Dreams", "artista": 11, "fecha_lanzamiento": "2015-12-04", "descripcion": "Colorido y optimista, incluye colaboraciones y himnos pop.", "disponible": true, "created_at": "2025-07-12T01:14:40Z", "updated_at": "2025-07-12T01:14:40Z"}}, {"model": "musica.album", "pk": 21, "fields": {"titulo": "When We All Fall Asleep, Where Do We Go?", "artista": 12, "fecha_lanzamiento": "2019-03-29", "descripcion": "Debut de Billie Eilish, sombrio e innovador.", "disponible": true, "created_at": "2025-07-12T01:14:40Z", "updated_at": "2025-07-12T01:14:40Z"}}, {"model": "musica.album", "pk": 22, "fields": {"titulo": "Songs About Jane", "artista": 13, "fecha_lanzamiento": "2002-06-25", "descripcion": "Album debut de Maroon 5, con letras intensas y soul pop.", "disponible": true, "created_at": "2025-07-12T01:14:40Z", "updated_at": "2025-07-12T01:14:40Z"}}, {"model": "musica.album", "pk": 23, "fields": {"titulo": "Eyes Wide Open", "artista": 14, "fecha_lanzamiento": "2020-10-26", "descripcion": "Album con evolucion del sonido de TWICE, mezcla de madurez y energia.", "disponible": true, "created_at": "2025-07-12T01:14:40Z", "updated_at": "2025-07-12T01:14:40Z"}}, {"model": "musica.cancion", "pk": 1, "fields": {"titulo": "Hands Up", "album": 2, "genero": "Pop, Funk", "creditos": "The Black Label, Teddy, Vince", "duracion_segundos": 192}}, {"model": "musica.cancion", "pk": 2, "fields": {"titulo": "Drop Top", "album": 2, "genero": "Pop", "creditos": "The Black Label, Gawon, Teddy, Dominsuk", "duracion_segundos": 195}}, {"model": "musica.cancion", "pk": 3, "fields": {"titulo": "The way I loved You", "album": 1, "genero": "Pop", "creditos": "Producido y escrito por Taylor Swfit", "duracion_segundos": 227}}, {"model": "musica.cancion", "pk": 4, "fields": {"titulo": "Lit right now", "album": 2, "genero": "Pop", "creditos": "Producido por The black Label", "duracion_segundos": 300}}, {"model": "musica.cancion", "pk": 5, "fields": {"titulo": "Blank Space", "album": 3, "genero": "Pop", "creditos": "Taylor Swift, Max Martin, Shellback", "duracion_segundos": 231}}, {"model": "musica.cancion", "pk": 6, "fields": {"titulo": "Shake It Off", "album": 3, "genero": "Pop", "creditos": "Taylor Swift, Max Martin, Shellback", "duracion_segundos": 219}}, {"model": "musica.cancion", "pk": 7, "fields": {"titulo": "Style", "album": 3, "genero": "Pop", "creditos": "Taylor Swift, Max Martin, Shellback", "duracion_segundos": 231}}, {"model": "musica.cancion", "pk": 8, "fields": {"titulo": "Look What You Made Me Do", "album": 4, "genero": "Pop", "creditos": "Taylor Swift, Jack Antonoff", "duracion_segundos": 211}}, {"model": "musica.cancion", "pk": 9, "fields": {"titulo": "Delicate", "album": 4, "genero": "Pop", "creditos": "Taylor Swift, Max Martin, Shellback", "duracion_segundos": 232}}, {"model": "musica.cancion", "pk": 10, "fields": {"titulo": "End Game", "album": 4, "genero": "Pop", "creditos": "Taylor Swift, Ed Sheeran, Future, Max Martin", "duracion_segundos": 244}}, {"model": "musica.cancion", "pk": 11, "fields": {"titulo": "Shape of You", "album": 5, "genero": "Pop", "creditos": "Ed Sheeran, Steve Mac, Johnny McDaid", "duracion_segundos": 233}}, {"model": "musica.cancion", "pk": 12, "fields": {"titulo": "Perfect", "album": 5, "genero": "Pop", "creditos": "Ed Sheeran", "duracion_segundos": 263}}, {"model": "musica.cancion", "pk": 13, "fields": {"titulo": "Castle on the Hill", "album": 5, "genero": "Pop Rock", "creditos": "Ed Sheeran", "duracion_segundos": 261}}, {"model": "musica.cancion", "pk": 14, "fields": {"titulo": "Bad Habits", "album": 6, "genero": "Pop", "creditos": "Ed Sheeran, Fred Gibson", "duracion_segundos": 231}}, {"model": "musica.cancion", "pk": 15, "fields": {"titulo": "Shivers", "album": 6, "genero": "Pop", "creditos": "Ed Sheeran, Fred Gibson", "duracion_segundos": 207}}, {"model": "musica.cancion", "pk": 16, "fields": {"titulo": "Rolling in the Deep", "album": 7, "genero": "Soul", "creditos": "Adele, Paul Epworth", "duracion_segundos": 228}}, {"model": "musica.cancion", "pk": 17, "fields": {"titulo": "Someone Like You", "album": 7, "genero": "Soul", "creditos": "Adele, Dan Wilson", "duracion_segundos": 285}}, {"model": "musica.cancion", "pk": 18, "fields": {"titulo": "Easy on Me", "album": 8, "genero": "Soul", "creditos": "Adele, Greg Kurstin", "duracion_segundos": 224}}, {"model": "musica.cancion", "pk": 19, "fields": {"titulo": "Oh My God", "album": 8, "genero": "Soul", "creditos": "Adele, Greg Kurstin, Max Martin", "duracion_segundos": 211}}, {"model": "musica.cancion", "pk": 20, "fields": {"titulo": "Crazy in Love", "album": 9, "genero": "R&B", "creditos": "Beyonce, Rich Harrison", "duracion_segundos": 235}}, {"model": "musica.cancion", "pk": 21, "fields": {"titulo": "Baby Boy", "album": 9, "genero": "R&B", "creditos": "Beyonce, Sean Paul", "duracion_segundos": 245}}, {"model": "musica.cancion", "pk": 22, "fields": {"titulo": "Formation", "album": 10, "genero": "R&B", "creditos": "Beyonce, Mike Will Made-It", "duracion_segundos": 219}}, {"model": "musica.cancion", "pk": 23, "fields": {"titulo": "Hold Up", "album": 10, "genero": "R&B", "creditos": "Beyonce, Diplo", "duracion_segundos": 223}}, {"model": "musica.cancion", "pk": 24, "fields": {"titulo": "Dont Start Now", "album": 11, "genero": "Disco Pop", "creditos": "Dua Lipa, Ian Kirkpatrick", "duracion_segundos": 183}}, {"model": "musica.cancion", "pk": 25, "fields": {"titulo": "Physical", "album": 11, "genero": "Disco Pop", "creditos": "Dua Lipa, Jason Evigan", "duracion_segundos": 194}}, {"model": "musica.cancion", "pk": 26, "fields": {"titulo": "Do I Wanna Know?", "album": 12, "genero": "Indie Rock", "creditos": "Alex Turner", "duracion_segundos": 272}}, {"model": "musica.cancion", "pk": 27, "fields": {"titulo": "R U Mine?", "album": 12, "genero": "Indie Rock", "creditos": "Alex Turner", "duracion_segundos": 212}}, {"model": "musica.cancion", "pk": 28, "fields": {"titulo": "Four Out of Five", "album": 13, "genero": "Indie Rock", "creditos": "Alex Turner", "duracion_segundos": 255}}, {"model": "musica.cancion", "pk": 29, "fields": {"titulo": "Star Treatment", "album": 13, "genero": "Indie Rock", "creditos": "Alex Turner", "duracion_segundos": 264}}, {"model": "musica.cancion", "pk": 30, "fields": {"titulo": "How You Like That", "album": 14, "genero": "K-pop", "creditos": "BLACKPINK, Teddy", "duracion_segundos": 181}}, {"model": "musica.cancion", "pk": 31, "fields": {"titulo": "Lovesick Girls", "album": 14, "genero": "K-pop", "creditos": "BLACKPINK, Teddy", "duracion_segundos": 189}}, {"model": "musica.cancion", "pk": 32, "fields": {"titulo": "Radioactive", "album": 15, "genero": "Pop Rock", "creditos": "Dan Reynolds, Imagine Dragons", "duracion_segundos": 186}}, {"model": "musica.cancion", "pk": 33, "fields": {"titulo": "Demons", "album": 15, "genero": "Pop Rock", "creditos": "Dan Reynolds, Imagine Dragons", "duracion_segundos": 177}}, {"model": "musica.cancion", "pk": 34, "fields": {"titulo": "Believer", "album": 16, "genero": "Pop Rock", "creditos": "Dan Reynolds, Imagine Dragons", "duracion_segundos": 204}}, {"model": "musica.cancion", "pk": 35, "fields": {"titulo": "Thunder", "album": 16, "genero": "Pop Rock", "creditos": "Dan Reynolds, Imagine Dragons", "duracion_segundos": 187}}, {"model": "musica.cancion", "pk": 36, "fields": {"titulo": "ON", "album": 17, "genero": "K-pop", "creditos": "BTS, Pdogg", "duracion_segundos": 241}}, {"model": "musica.cancion", "pk": 37, "fields": {"titulo": "Black Swan", "album": 17, "genero": "K-pop", "creditos": "BTS, Pdogg", "duracion_segundos": 219}}, {"model": "musica.cancion", "pk": 38, "fields": {"titulo": "Life Goes On", "album": 18, "genero": "K-pop", "creditos": "BTS, Pdogg", "duracion_segundos": 219}}, {"model": "musica.cancion", "pk": 39, "fields": {"titulo": "Dynamite", "album": 18, "genero": "K-pop", "creditos": "BTS, David Stewart", "duracion_segundos": 199}}, {"model": "musica.cancion", "pk": 40, "fields": {"titulo": "Yellow", "album": 19, "genero": "Alternative Rock", "creditos": "Chris Martin, Coldplay", "duracion_segundos": 269}}, {"model": "musica.cancion", "pk": 41, "fields": {"titulo": "Trouble", "album": 19, "genero": "Alternative Rock", "creditos": "Chris Martin, Coldplay", "duracion_segundos": 274}}, {"model": "musica.cancion", "pk": 42, "fields": {"titulo": "Adventure of a Lifetime", "album": 20, "genero": "Alternative Rock", "creditos": "Chris Martin, Coldplay", "duracion_segundos": 257}}, {"model": "musica.cancion", "pk": 43, "fields": {"titulo": "Hymn for the Weekend", "album": 20, "genero": "Alternative Rock", "creditos": "Chris Martin, Coldplay", "duracion_segundos": 258}}, {"model": "musica.cancion", "pk": 44, "fields": {"titulo": "Bad Guy", "album": 21, "genero": "Electropop", "creditos": "Billie Eilish, Finneas OConnell", "duracion_segundos": 194}}, {"model": "musica.cancion", "pk": 45, "fields": {"titulo": "When the Partys Over", "album": 21, "genero": "Electropop", "creditos": "Billie Eilish, Finneas OConnell", "duracion_segundos": 207}}, {"model": "musica.cancion", "pk": 46, "fields": {"titulo": "This Love", "album": 22, "genero": "Pop Rock", "creditos": "Adam Levine, Maroon 5", "duracion_segundos": 215}}, {"model": "musica.cancion", "pk": 47, "fields": {"titulo": "She Will Be Loved", "album": 22, "genero": "Pop Rock", "creditos": "Adam Levine, Maroon 5", "duracion_segundos": 244}}, {"model": "musica.cancion", "pk": 48, "fields": {"titulo": "I Cant Stop Me", "album": 23, "genero": "K-pop", "creditos": "TWICE, J.Y. Park", "duracion_segundos": 204}}, {"model": "musica.cancion", "pk": 49, "fields": {"titulo": "Cry For Me", "album": 23, "genero": "K-pop", "creditos": "TWICE, J.Y. Park", "duracion_segundos": 221}}, {"model": "musica.playlist", "pk": 1, "fields": {"nombre": "Lo mejor del 2025", "descripcion": "Canciones para levantar el animo", "created_at": "2025-07-08T22:24:37.749Z", "updated_at": "2025-07-08T22:59:14.991Z", "canciones": [1, 2, 3, 5, 6, 11, 24, 44]}}, {"model": "musica.playlist", "pk": 2, "fields": {"nombre": "Top Hits 2025", "descripcion": "Las canciones mas populares y actuales del 2025.", "created_at": "2025-07-12T01:19:14Z", "updated_at": "2025-07-12T01:19:14Z", "canciones": []}}, {"model": "musica.playlist", "pk": 3, "fields": {"nombre": "Rock Clasico", "descripcion": "Una seleccion de rock clasico que marco epoca.", "created_at": "2025-07-12T01:19:14Z", "updated_at": "2025-07-12T01:19:14Z", "canciones": []}}, {"model": "musica.playlist", "pk": 4, "fields": {"nombre": "Pop Internacional", "descripcion": "Lo mejor del pop internacional de los ultimas decadas.", "created_at": "2025-07-12T01:19:14Z", "updated_at": "2025-07-12T01:19:14Z", "canciones": []}}, {"model": "musica.playlist", "pk": 5, "fields": {"nombre": "K-Pop Essentials", "descripcion": "Hits esenciales del genero K-Pop para fanaticos.", "created_at": "2025-07-12T01:19:14Z", "updated_at": "2025-07-12T01:19:14Z", "canciones": []}}, {"model": "musica.playlist", "pk": 6, "fields": {"nombre": "Baladas y Emocion", "descripcion": "Canciones lentas y emotivas para cualquier momento.", "created_at": "2025-07-12T01:19:14Z", "updated_at": "2025-07-12T01:19:14Z", "canciones": []}}]